{
  "WHITE_WOOL": "Laine blanche",
  "LIGHT_GRAY_WOOL": "Laine gris clair",
  "GRAY_WOOL": "Laine grise",
  "BLACK_WOOL": "Laine noire",
  "BROWN_WOOL": "Laine marron",
  "RED_WOOL": "Laine rouge",
  "ORANGE_WOOL": "Laine orange",
  "YELLOW_WOOL": "Laine jaune",
  "GREEN_WOOL": "Laine verte",
  "LIME_WOOL": "Laine vert citron",
  "CYAN_WOOL": "Laine cyan",
  "LIGHT_BLUE_WOOL": "Laine bleu clair",
  "BLUE_WOOL": "Laine bleue",
  "PURPLE_WOOL": "Laine violette",
  "MAGENTA_WOOL": "Laine magenta",
  "PINK_WOOL": "Laine rose",
  "OAK_LOG": "Bûche de chêne",
  "SPRUCE_LOG": "Bûche de sapin",
  "BIRCH_LOG": "Bûche de bouleau",
  "JUNGLE_LOG": "Bûche d'acajou",
  "ACACIA_LOG": "Bûche d'acacia",
  "DARK_OAK_LOG": "Bûche de chêne noir",
  "MANGROVE_LOG": "Bûche de palétuvier",
  "CHERRY_LOG": "Bûche de cerisier",
  "BAMBOO_BLOCK": "Bloc de bambou",
  "MOSSY_COBBLESTONE": "Pierres moussues",
  "WARPED_STEM": "Tige biscornue",
  "GLOWSTONE": "Pierre lumineuse",
  "NETHER_WART": "Verrues du Nether",
  "NETHER_SPROUTS": "Pousses du Nether",
  "WARPED_ROOTS": "Racines biscornues",
  "WARPED_FUNGUS": "Champignon biscornu",
  "MAGMA_CREAM": "Crème de magma",
  "QUARTZ": "Quartz",
  "NETHER_BRICK": "Brique du Nether",
  "KELP": "Varech",
  "COD": "Morue",
  "COOKED_COD": "Morue cuite",
  "SALMON": "Saumon",
  "COOKED_SALMON": "Saumon cuit",
  "TROPICAL_FISH": "Poisson tropical",
  "PUFFERFISH": "Poisson-globe",
  "SEA_PICKLE": "Cornichon de mer",
  "BEEF": "Bœuf cru",
  "PORKCHOP": "Côtelette de porc",
  "MUTTON": "Mouton cru",
  "CHICKEN": "Poulet cru",
  "COOKED_BEEF": "Steak",
  "COOKED_PORKCHOP": "Côtelette de porc cuite",
  "COOKED_MUTTON": "Mouton cuit",
  "COOKED_CHICKEN": "Poulet cuit",
  "COOKED_RABBIT": "Lapin cuit",
  "RABBIT": "Lapin cru",
  "LEATHER": "Cuir",
  "RABBIT_HIDE": "Peau de lapin",
  "FEATHER": "Plume",
  "GOLDEN_APPLE": "Pomme dorée",
  "ENCHANTED_GOLDEN_APPLE": "Pomme dorée enchantée",
  "ROTTEN_FLESH": "Chair putréfiée",
  "BONE_BLOCK": "Bloc d'os",
  "STRING": "Ficelle",
  "GUNPOWDER": "Poudre à canon",
  "ARROW": "Flèche",
  "SLIME_BLOCK": "Bloc de slime",
  "ENDER_PEARL": "Perle de l'Ender",
  "BLAZE_ROD": "Bâton de Blaze",
  "BREEZE_ROD": "Bâton de Breeze",
  "GHAST_TEAR": "Larme de Ghast",
  "SPIDER_EYE": "Œil d'araignée",
  "SKELETON_SKULL": "Crâne de squelette",
  "WITHER_SKELETON_SKULL": "Crâne de Wither squelette",
  "CORNFLOWER": "Bleuet",
  "BLUE_ORCHID": "Orchidée bleue",
  "PINK_PETALS": "Pétales roses",
  "ALLIUM": "Ail décoratif",
  "AZURE_BLUET": "Houstonie bleue",
  "CHERRY_SAPLING": "Pousse de cerisier",
  "ORANGE_TULIP": "Tulipe orange",
  "WHITE_TULIP": "Tulipe blanche",
  "PINK_TULIP": "Tulipe rose",
  "RED_TULIP": "Tulipe rouge",
  "OXEYE_DAISY": "Marguerite",
  "FLOWERING_AZALEA": "Azalée fleurie",
  "SPRUCE_SAPLING": "Pousse de sapin",
  "BIRCH_SAPLING": "Pousse de bouleau",
  "OAK_SAPLING": "Pousse de chêne",
  "JUNGLE_SAPLING": "Pousse d'acajou",
  "ACACIA_SAPLING": "Pousse d'acacia",
  "DARK_OAK_SAPLING": "Pousse de chêne noir",
  "CACTUS": "Cactus",
  "GREEN_DYE": "Teinture verte",
  "ROSE_BUSH": "Rosier",
  "LILAC": "Lilas",
  "PEONY": "Pivoine",
  "MELON_SLICE": "Tranche de pastèque",
  "SWEET_BERRIES": "Baies sucrées",
  "GLOW_BERRIES": "Baies lumineuses",
  "POTATO": "Pomme de terre",
  "SUGAR_CANE": "Canne à sucre",
  "CARROT": "Carotte",
  "POISONOUS_POTATO": "Pomme de terre empoisonnée",
  "BEETROOT": "Betterave",
  "COCOA_BEANS": "Fèves de cacao",
  "BAKED_POTATO": "Pomme de terre cuite",
  "BREAD": "Pain",
  "COOKIE": "Cookie",
  "CAKE": "Gâteau",
  "PUMPKIN_PIE": "Tarte à la citrouille",
  "HAY_BLOCK": "Bloc de paille",
  "MELON": "Pastèque",
  "PUMPKIN": "Citrouille",
  "RED_MUSHROOM": "Champignon rouge",
  "BROWN_MUSHROOM": "Champignon brun",
  "RED_MUSHROOM_BLOCK": "Bloc de champignon rouge",
  "BROWN_MUSHROOM_BLOCK": "Bloc de champignon brun",
  "SHROOMLIGHT": "Lumière de champignon",
  "VERDANT_FROGLIGHT": "Lumière de grenouille verdoyante",
  "PEARLESCENT_FROGLIGHT": "Lumière de grenouille nacrée",
  "OCHRE_FROGLIGHT": "Lumière de grenouille ocre",
  "SEA_LANTERN": "Lanterne aquatique",
  "END_STONE": "Pierre de l'End",
  "SPONGE": "Éponge",
  "TNT": "TNT",
  "CLAY": "Argile",
  "CHORUS_FRUIT": "Fruit chorus",
  "CRYING_OBSIDIAN": "Obsidienne pleureuse",
  "AMETHYST_SHARD": "Éclat d'améthyste"
}