{
  "vivres": [
    { "name": "RED_MUSHROOM", "quantity": 16, "prix": 7, "type": "IRON_NUGGET" },
    { "name": "BROWN_MUSHROOM", "quantity": 16, "prix": 7, "type": "IRON_NUGGET" },
    { "name": "RED_MUSHROOM_BLOCK", "quantity": 8, "prix": 5, "type": "IRON_NUGGET" },
    { "name": "BROWN_MUSHROOM_BLOCK", "quantity": 8, "prix": 5, "type": "IRON_NUGGET" },
    { "name": "SHROOMLIGHT", "quantity": 2, "prix": 2, "type": "GOLD_NUGGET" },
    { "name": "VERDANT_FROGLIGHT", "quantity": 2, "prix": 2, "type": "IRON_NUGGET" },
    { "name": "PEARLESCENT_FROGLIGHT", "quantity": 2, "prix": 2, "type": "IRON_NUGGET" },
    { "name": "OCHRE_FROGLIGHT", "quantity": 2, "prix": 3, "type": "IRON_NUGGET" },
    { "name": "SEA_LANTERN", "quantity": 16, "prix": 1, "type": "GOLD_INGOT" },
    { "name": "END_STONE", "quantity": 16, "prix": 5, "type": "GOLD_NUGGET" },
    { "name": "SPONGE", "quantity": 4, "prix": 5, "type": "GOLD_NUGGET" },
    { "name": "TNT", "quantity": 64, "prix": 14, "type": "GOLD_NUGGET" },
    { "name": "CLAY", "quantity": 4, "prix": 6, "type": "IRON_NUGGET" },
    { "name": "CHORUS_FRUIT", "quantity": 32, "prix": 1, "type": "GOLD_NUGGET" },
    { "name": "AMETHYST_SHARD", "quantity": 8, "prix": 3, "type": "GOLD_NUGGET" }
  ],
  "poissons": [
    { "name": "KELP", "quantity": 8, "prix": 1, "type": "IRON_NUGGET" },
    { "name": "COD", "quantity": 4, "prix": 2, "type": "GOLD_NUGGET" },
    { "name": "COOKED_COD", "quantity": 4, "prix": 4, "type": "GOLD_NUGGET" },
    { "name": "SALMON", "quantity": 4, "prix": 2, "type": "GOLD_NUGGET" },
    { "name": "COOKED_SALMON", "quantity": 4, "prix": 4, "type": "GOLD_NUGGET" },
    { "name": "TROPICAL_FISH", "quantity": 2, "prix": 1, "type": "IRON_INGOT" },
    { "name": "PUFFERFISH", "quantity": 2, "prix": 9, "type": "GOLD_NUGGET" },
    { "name": "SEA_PICKLE", "quantity": 64, "prix": 3, "type": "IRON_NUGGET" }
  ],
  "fleurs": [
    { "name": "ALLIUM", "quantity": 16, "prix": 1, "type": "GOLD_NUGGET" },
    { "name": "CHERRY_SAPLING", "quantity": 16, "prix": 5, "type": "IRON_NUGGET" },
    { "name": "PINK_PETALS", "quantity": 32, "prix": 3, "type": "GOLD_NUGGET" },
    { "name": "CORNFLOWER", "quantity": 16, "prix": 1, "type": "GOLD_NUGGET" },
    { "name": "OXEYE_DAISY", "quantity": 16, "prix": 1, "type": "GOLD_NUGGET" },
    { "name": "BLUE_ORCHID", "quantity": 16, "prix": 1, "type": "GOLD_NUGGET" },
    { "name": "AZURE_BLUET", "quantity": 16, "prix": 1, "type": "GOLD_NUGGET" },
    { "name": "RED_TULIP", "quantity": 16, "prix": 1, "type": "GOLD_NUGGET" },
    { "name": "ORANGE_TULIP", "quantity": 16, "prix": 1, "type": "GOLD_NUGGET" },
    { "name": "PINK_TULIP", "quantity": 16, "prix": 1, "type": "GOLD_NUGGET" },
    { "name": "WHITE_TULIP", "quantity": 16, "prix": 1, "type": "GOLD_NUGGET" },
    { "name": "PEONY", "quantity": 8, "prix": 2, "type": "GOLD_NUGGET" },
    { "name": "LILAC", "quantity": 8, "prix": 2, "type": "GOLD_NUGGET" },
    { "name": "ROSE_BUSH", "quantity": 8, "prix": 2, "type": "GOLD_NUGGET" },
    { "name": "FLOWERING_AZALEA", "quantity": 64, "prix": 12, "type": "GOLD_NUGGET" },
    { "name": "SPRUCE_SAPLING", "quantity": 16, "prix": 1, "type": "GOLD_NUGGET" },
    { "name": "BIRCH_SAPLING", "quantity": 16, "prix": 1, "type": "GOLD_NUGGET" },
    { "name": "OAK_SAPLING", "quantity": 16, "prix": 1, "type": "GOLD_NUGGET" },
    { "name": "JUNGLE_SAPLING", "quantity": 16, "prix": 1, "type": "GOLD_NUGGET" },
    { "name": "ACACIA_SAPLING", "quantity": 16, "prix": 1, "type": "GOLD_NUGGET" },
    { "name": "CACTUS", "quantity": 32, "prix": 5, "type": "GOLD_NUGGET" },
    { "name": "GREEN_DYE", "quantity": 16, "prix": 9, "type": "IRON_NUGGET" }
  ],
"nourritures": [
  { "name": "FEATHER", "quantity": 16, "prix": 1, "type": "IRON_NUGGET" },
  { "name": "BEEF", "quantity": 8, "prix": 1, "type": "GOLD_NUGGET" },
  { "name": "COOKED_BEEF", "quantity": 16, "prix": 4, "type": "GOLD_NUGGET" },
  { "name": "PORKCHOP", "quantity": 8, "prix": 1, "type": "GOLD_NUGGET" },
  { "name": "COOKED_PORKCHOP", "quantity": 16, "prix": 4, "type": "GOLD_NUGGET" },
  { "name": "MUTTON", "quantity": 8, "prix": 1, "type": "GOLD_NUGGET" },
  { "name": "COOKED_MUTTON", "quantity": 16, "prix": 4, "type": "GOLD_NUGGET" },
  { "name": "CHICKEN", "quantity": 8, "prix": 1, "type": "GOLD_NUGGET" },
  { "name": "COOKED_CHICKEN", "quantity": 16, "prix": 4, "type": "GOLD_NUGGET" },
  { "name": "RABBIT", "quantity": 8, "prix": 1, "type": "GOLD_NUGGET" },
  { "name": "COOKED_RABBIT", "quantity": 16, "prix": 4, "type": "GOLD_NUGGET" },
  { "name": "LEATHER", "quantity": 8, "prix": 5, "type": "GOLD_NUGGET" },
  { "name": "RABBIT_HIDE", "quantity": 8, "prix": 3, "type": "GOLD_NUGGET" }
],
  "bois": [
    { "name": "OAK_LOG", "quantity": 16, "prix": 1, "type": "GOLD_NUGGET" },
    { "name": "SPRUCE_LOG", "quantity": 16, "prix": 1, "type": "GOLD_NUGGET" },
    { "name": "BIRCH_LOG", "quantity": 16, "prix": 1, "type": "GOLD_NUGGET" },
    { "name": "JUNGLE_LOG", "quantity": 16, "prix": 1, "type": "GOLD_NUGGET" },
    { "name": "ACACIA_LOG", "quantity": 16, "prix": 1, "type": "GOLD_NUGGET" },
    { "name": "DARK_OAK_LOG", "quantity": 16, "prix": 1, "type": "GOLD_NUGGET" },
    { "name": "WARPED_STEM", "quantity": 16, "prix": 4, "type": "GOLD_NUGGET" },
    { "name": "MANGROVE_LOG", "quantity": 16, "prix": 1, "type": "GOLD_NUGGET" },
    { "name": "CHERRY_LOG", "quantity": 16, "prix": 3, "type": "GOLD_NUGGET" },
    { "name": "MOSSY_COBBLESTONE", "quantity": 16, "prix": 5, "type": "GOLD_NUGGET" },
    { "name": "BAMBOO_BLOCK", "quantity": 16, "prix": 5, "type": "GOLD_NUGGET" }
  ],
  "loot": [
  { "name": "ROTTEN_FLESH", "quantity": 32, "prix": 9, "type": "IRON_NUGGET" },
  { "name": "BONE_BLOCK", "quantity": 1, "prix": 1, "type": "IRON_NUGGET" },
  { "name": "STRING", "quantity": 32, "prix": 6, "type": "IRON_NUGGET" },
  { "name": "GUNPOWDER", "quantity": 32, "prix": 6, "type": "IRON_NUGGET" },
  { "name": "ARROW", "quantity": 64, "prix": 16, "type": "IRON_NUGGET" },
  { "name": "SLIME_BLOCK", "quantity": 16, "prix": 6, "type": "IRON_NUGGET" },
  { "name": "ENDER_PEARL", "quantity": 8, "prix": 5, "type": "GOLD_NUGGET" },
  { "name": "BLAZE_ROD", "quantity": 16, "prix": 5, "type": "GOLD_NUGGET" },
  { "name": "BREEZE_ROD", "quantity": 16, "prix": 7, "type": "GOLD_NUGGET" },
  { "name": "GHAST_TEAR", "quantity": 8, "prix": 4, "type": "GOLD_NUGGET" },
  { "name": "SPIDER_EYE", "quantity": 32, "prix": 6, "type": "GOLD_NUGGET" }
],
"provisions": [
  { "name": "MELON_SLICE", "quantity": 8, "prix": 1, "type": "IRON_NUGGET" },
  { "name": "SWEET_BERRIES", "quantity": 8, "prix": 3, "type": "IRON_NUGGET" },
  { "name": "GLOW_BERRIES", "quantity": 8, "prix": 1, "type": "IRON_NUGGET" },
  { "name": "POTATO", "quantity": 8, "prix": 1, "type": "IRON_NUGGET" },
  { "name": "SUGAR_CANE", "quantity": 32, "prix": 5, "type": "GOLD_NUGGET" },
  { "name": "CARROT", "quantity": 8, "prix": 1, "type": "IRON_NUGGET" },
  { "name": "BEETROOT", "quantity": 8, "prix": 1, "type": "IRON_NUGGET" },
  { "name": "COCOA_BEANS", "quantity": 8, "prix": 1, "type": "IRON_NUGGET" },
  { "name": "BAKED_POTATO", "quantity": 8, "prix": 2, "type": "IRON_NUGGET" },
  { "name": "BREAD", "quantity": 8, "prix": 1, "type": "IRON_NUGGET" },
  { "name": "COOKIE", "quantity": 8, "prix": 2, "type": "IRON_NUGGET" },
  { "name": "MELON", "quantity": 32, "prix": 5, "type": "IRON_INGOT" },
  { "name": "PUMPKIN", "quantity": 16, "prix": 12, "type": "IRON_NUGGET" },
  { "name": "POISONOUS_POTATO", "quantity": 8, "prix": 3, "type": "GOLD_NUGGET" },
  { "name": "CAKE", "quantity": 1, "prix": 1, "type": "GOLD_INGOT" },
  { "name": "PUMPKIN_PIE", "quantity": 1, "prix": 1, "type": "GOLD_NUGGET" },
  { "name": "HAY_BLOCK", "quantity": 8, "prix": 11, "type": "GOLD_NUGGET" }
],
  "laines": [
    { "name": "WHITE_WOOL", "quantity": 16, "prix": 3, "type": "IRON_INGOT" },
    { "name": "LIGHT_GRAY_WOOL", "quantity": 16, "prix": 30, "type": "IRON_NUGGET" },
    { "name": "GRAY_WOOL", "quantity": 16, "prix": 30, "type": "IRON_NUGGET" },
    { "name": "BLACK_WOOL", "quantity": 16, "prix": 30, "type": "IRON_NUGGET" },
    { "name": "BROWN_WOOL", "quantity": 16, "prix": 30, "type": "IRON_NUGGET" },
    { "name": "RED_WOOL", "quantity": 16, "prix": 28, "type": "IRON_NUGGET" },
    { "name": "ORANGE_WOOL", "quantity": 16, "prix": 30, "type": "IRON_NUGGET" },
    { "name": "YELLOW_WOOL", "quantity": 16, "prix": 28, "type": "IRON_NUGGET" },
    { "name": "GREEN_WOOL", "quantity": 16, "prix": 28, "type": "IRON_NUGGET" },
    { "name": "LIME_WOOL", "quantity": 16, "prix": 30, "type": "IRON_NUGGET" },
    { "name": "CYAN_WOOL", "quantity": 16, "prix": 30, "type": "IRON_NUGGET" },
    { "name": "LIGHT_BLUE_WOOL", "quantity": 16, "prix": 30, "type": "IRON_NUGGET" },
    { "name": "BLUE_WOOL", "quantity": 16, "prix": 30, "type": "IRON_NUGGET" },
    { "name": "PURPLE_WOOL", "quantity": 16, "prix": 30, "type": "IRON_NUGGET" },
    { "name": "MAGENTA_WOOL", "quantity": 16, "prix": 28, "type": "IRON_NUGGET" },
    { "name": "PINK_WOOL", "quantity": 16, "prix": 28, "type": "IRON_NUGGET" }
  ],
"nether": [
  { "name": "WARPED_ROOTS", "quantity": 64, "prix": 1, "type": "IRON_NUGGET" },
  { "name": "WARPED_FUNGUS", "quantity": 64, "prix": 7, "type": "IRON_NUGGET" },
  { "name": "GLOWSTONE", "quantity": 8, "prix": 1, "type": "GOLD_INGOT" },
  { "name": "NETHER_WART", "quantity": 32, "prix": 2, "type": "GOLD_NUGGET" },
  { "name": "NETHER_SPROUTS", "quantity": 16, "prix": 3, "type": "GOLD_NUGGET" },
  { "name": "MAGMA_CREAM", "quantity": 8, "prix": 3, "type": "GOLD_NUGGET" },
  { "name": "QUARTZ", "quantity": 8, "prix": 3, "type": "GOLD_NUGGET" },
  { "name": "NETHER_BRICK", "quantity": 64, "prix": 24, "type": "GOLD_NUGGET" }
]
}